<?xml version="1.0" encoding="UTF-8"?>
<configuration>
    <property resource="application.properties" />
    <!-- 控制台输出 -->
    <appender name="STDOUT" class="ch.qos.logback.core.ConsoleAppender">
        <encoder class="ch.qos.logback.classic.encoder.PatternLayoutEncoder">
            <!--格式化输出：%d表示日期，%thread表示线程名，%-5level：级别从左显示5个字符
                宽度，%msg：日志消息，%n是换行符-->
            <Pattern>
                %d{yyyy-MM-dd HH:mm:ss.SSS} [%thread] %-5level %logger{80}:%line - %msg%n
            </Pattern>
            <!-- 此处设置字符集 -->
            <charset>UTF-8</charset>
        </encoder>
    </appender>
    <!-- 按照每天生成日志文件 -->
    <appender name="FILE"
              class="ch.qos.logback.core.rolling.RollingFileAppender">
        <rollingPolicy class="ch.qos.logback.core.rolling.TimeBasedRollingPolicy">
            <!--日志文件输出的文件名-->
            <FileNamePattern>${logging.logPath}-%d{yyyy-MM-dd}.log</FileNamePattern>
            <!--日志文件保留天数-->
            <MaxHistory>30</MaxHistory>
        </rollingPolicy>
        <encoder>
            <pattern>%date [%thread] %-5level %logger{80} - %msg%n</pattern>
            <charset>UTF-8</charset>
        </encoder>
    </appender>

    <!-- 日志输出级别 -->
    <root>
        <level value="INFO" />
        <appender-ref ref="STDOUT" />
        <!--<appender-ref ref="FILE" />-->
    </root>
</configuration>
